file,angle
t23/057941108.sdf,97.2665058210368
t23/057941108_dft.sdf,91.9949114267036
